2003,1,The Jolly Balloon Man,N/A,by PWL,Agate Instigator
2003,1,The Jolly Balloon Man,N/A,by PWL,"Agrus Kos, Eternal Soldier"
2003,1,The Jolly Balloon Man,N/A,by PWL,"Arabella, Abandoned Doll"
2003,1,The Jolly Balloon Man,N/A,by PWL,Arcane Signet
2003,1,The Jolly Balloon Man,N/A,by PWL,Arena of Glory
2003,1,The Jolly Balloon Man,N/A,by PWL,Arid Mesa
2003,1,The Jolly Balloon Man,N/A,by PWL,Ashnod's Altar
2003,1,The Jolly Balloon Man,N/A,by PWL,"Atsushi, the Blazing Sky"
2003,1,The Jolly Balloon Man,N/A,by PWL,Battlefield Forge
2003,1,The Jolly Balloon Man,N/A,by PWL,Blasphemous Act
2003,1,The Jolly Balloon Man,N/A,by PWL,Caretaker's Talent
2003,1,The Jolly Balloon Man,N/A,by PWL,Castle Embereth
2003,1,The Jolly Balloon Man,N/A,by PWL,Chaos Warp
2003,1,The Jolly Balloon Man,N/A,by PWL,Clever Concealment
2003,1,The Jolly Balloon Man,N/A,by PWL,Combat Celebrant
2003,1,The Jolly Balloon Man,N/A,by PWL,Combustible Gearhulk
2003,1,The Jolly Balloon Man,N/A,by PWL,Command Tower
2003,1,The Jolly Balloon Man,N/A,by PWL,Cursed Mirror
2003,1,The Jolly Balloon Man,N/A,by PWL,Dawn's Truce
2003,1,The Jolly Balloon Man,N/A,by PWL,Dualcaster Mage
2003,1,The Jolly Balloon Man,N/A,by PWL,"Eiganjo, Seat of the Empire"
2003,1,The Jolly Balloon Man,N/A,by PWL,Elegant Parlor
2003,1,The Jolly Balloon Man,N/A,by PWL,Enduring Innocence
2003,1,The Jolly Balloon Man,N/A,by PWL,Exotic Orchard
2003,1,The Jolly Balloon Man,N/A,by PWL,Fable of the Mirror-Breaker
2003,1,The Jolly Balloon Man,N/A,by PWL,Faithless Looting
2003,1,The Jolly Balloon Man,N/A,by PWL,Felidar Guardian
2003,1,The Jolly Balloon Man,N/A,by PWL,Final Showdown
2003,1,The Jolly Balloon Man,N/A,by PWL,Flawless Maneuver
2003,1,The Jolly Balloon Man,N/A,by PWL,Fountainport
2003,1,The Jolly Balloon Man,N/A,by PWL,Gamble
2003,1,The Jolly Balloon Man,N/A,by PWL,Goblin Bombardment
2003,1,The Jolly Balloon Man,N/A,by PWL,Gold Myr
2003,1,The Jolly Balloon Man,N/A,by PWL,Grand Abolisher
2003,1,The Jolly Balloon Man,N/A,by PWL,Impact Tremors
2003,1,The Jolly Balloon Man,N/A,by PWL,Imperial Recruiter
2003,1,The Jolly Balloon Man,N/A,by PWL,Iron Myr
2003,1,The Jolly Balloon Man,N/A,by PWL,Karmic Guide
2003,1,The Jolly Balloon Man,N/A,by PWL,"Kiki-Jiki, Mirror Breaker"
2003,1,The Jolly Balloon Man,N/A,by PWL,Mana Echoes
2003,1,The Jolly Balloon Man,N/A,by PWL,"Marvin, Murderous Mimic"
2003,1,The Jolly Balloon Man,N/A,by PWL,Mentor of the Meek
2003,1,The Jolly Balloon Man,N/A,by PWL,Minas Tirith
2003,1,The Jolly Balloon Man,N/A,by PWL,Molten Gatekeeper
2003,1,The Jolly Balloon Man,N/A,by PWL,"Mondrak, Glory Dominus"
2003,1,The Jolly Balloon Man,N/A,by PWL,Mountain
2003,1,The Jolly Balloon Man,N/A,by PWL,Needleverge Pathway
2003,1,The Jolly Balloon Man,N/A,by PWL,"Ojer Taq, Deepest Foundation"
2003,1,The Jolly Balloon Man,N/A,by PWL,Ornithopter of Paradise
2003,1,The Jolly Balloon Man,N/A,by PWL,Overlord of the Boilerbilges
2003,1,The Jolly Balloon Man,N/A,by PWL,Path to Exile
2003,1,The Jolly Balloon Man,N/A,by PWL,Patriar's Seal
2003,1,The Jolly Balloon Man,N/A,by PWL,Phyrexian Altar
2003,1,The Jolly Balloon Man,N/A,by PWL,Plains
2003,1,The Jolly Balloon Man,N/A,by PWL,Plaza of Heroes
2003,1,The Jolly Balloon Man,N/A,by PWL,"Purphoros, God of the Forge"
2003,1,The Jolly Balloon Man,N/A,by PWL,Recruiter of the Guard
2003,1,The Jolly Balloon Man,N/A,by PWL,Reprieve
2003,1,The Jolly Balloon Man,N/A,by PWL,Restoration Angel
2003,1,The Jolly Balloon Man,N/A,by PWL,Reveillark
2003,1,The Jolly Balloon Man,N/A,by PWL,Rootborn Defenses
2003,1,The Jolly Balloon Man,N/A,by PWL,Rugged Prairie
2003,1,The Jolly Balloon Man,N/A,by PWL,Sacred Foundry
2003,1,The Jolly Balloon Man,N/A,by PWL,Sevinne's Reclamation
2003,1,The Jolly Balloon Man,N/A,by PWL,Skullclamp
2003,1,The Jolly Balloon Man,N/A,by PWL,Slayers' Stronghold
2003,1,The Jolly Balloon Man,N/A,by PWL,Sol Ring
2003,1,The Jolly Balloon Man,N/A,by PWL,Solemn Simulacrum
2003,1,The Jolly Balloon Man,N/A,by PWL,Spectator Seating
2003,1,The Jolly Balloon Man,N/A,by PWL,Spirited Companion
2003,1,The Jolly Balloon Man,N/A,by PWL,Split Up
2003,1,The Jolly Balloon Man,N/A,by PWL,Stroke of Midnight
2003,1,The Jolly Balloon Man,N/A,by PWL,Sun Titan
2003,1,The Jolly Balloon Man,N/A,by PWL,Sunbaked Canyon
2003,1,The Jolly Balloon Man,N/A,by PWL,Sundial of the Infinite
2003,1,The Jolly Balloon Man,N/A,by PWL,Sunscorched Divide
2003,1,The Jolly Balloon Man,N/A,by PWL,Swords to Plowshares
2003,1,The Jolly Balloon Man,N/A,by PWL,Teferi's Protection
2003,1,The Jolly Balloon Man,N/A,by PWL,Tocasia's Welcome
2003,1,The Jolly Balloon Man,N/A,by PWL,Twinflame
2003,1,The Jolly Balloon Man,N/A,by PWL,Village Bell-Ringer
2003,1,The Jolly Balloon Man,N/A,by PWL,War Room
2003,1,The Jolly Balloon Man,N/A,by PWL,Warleader's Call
2003,1,The Jolly Balloon Man,N/A,by PWL,Welcoming Vampire
2003,1,The Jolly Balloon Man,N/A,by PWL,Witty Roastmaster
2003,1,The Jolly Balloon Man,N/A,by PWL,Zealous Conscripts
2003,1,The Jolly Balloon Man,N/A,by PWL,Smothering Tithe
2003,1,The Jolly Balloon Man,N/A,by PWL,Anointed Procession
2003,1,The Jolly Balloon Man,N/A,by PWL,The Jolly Balloon Man
2003,2,"Yuriko, the Tiger's Shadow",N/A,by PWL,"Yuriko, the Tiger's Shadow"
2003,2,"Yuriko, the Tiger's Shadow",N/A,by PWL,Aetherize
2003,2,"Yuriko, the Tiger's Shadow",N/A,by PWL,"Alora, Merry Thief"
2003,2,"Yuriko, the Tiger's Shadow",N/A,by PWL,Arcane Signet
2003,2,"Yuriko, the Tiger's Shadow",N/A,by PWL,Biting-Palm Ninja
2003,2,"Yuriko, the Tiger's Shadow",N/A,by PWL,Blightsteel Colossus
2003,2,"Yuriko, the Tiger's Shadow",N/A,by PWL,Bolas's Citadel
2003,2,"Yuriko, the Tiger's Shadow",N/A,by PWL,Brainstorm
2003,2,"Yuriko, the Tiger's Shadow",N/A,by PWL,Changeling Outcast
2003,2,"Yuriko, the Tiger's Shadow",N/A,by PWL,Command Tower
2003,2,"Yuriko, the Tiger's Shadow",N/A,by PWL,Conspiracy
2003,2,"Yuriko, the Tiger's Shadow",N/A,by PWL,Counterspell
2003,2,"Yuriko, the Tiger's Shadow",N/A,by PWL,Dig Through Time
2003,2,"Yuriko, the Tiger's Shadow",N/A,by PWL,Dimir Aqueduct
2003,2,"Yuriko, the Tiger's Shadow",N/A,by PWL,Dimir Infiltrator
2003,2,"Yuriko, the Tiger's Shadow",N/A,by PWL,Dimir Signet
2003,2,"Yuriko, the Tiger's Shadow",N/A,by PWL,Exotic Orchard
2003,2,"Yuriko, the Tiger's Shadow",N/A,by PWL,Fallen Shinobi
2003,2,"Yuriko, the Tiger's Shadow",N/A,by PWL,Gingerbrute
2003,2,"Yuriko, the Tiger's Shadow",N/A,by PWL,"Grazilaxx, Illithid Scholar"
2003,2,"Yuriko, the Tiger's Shadow",N/A,by PWL,Gudul Lurker
2003,2,"Yuriko, the Tiger's Shadow",N/A,by PWL,"Higure, the Still Wind"
2003,2,"Yuriko, the Tiger's Shadow",N/A,by PWL,Hope of Ghirapur
2003,2,"Yuriko, the Tiger's Shadow",N/A,by PWL,Ingenious Infiltrator
2003,2,"Yuriko, the Tiger's Shadow",N/A,by PWL,"Ink-Eyes, Servant of Oni"
2003,2,"Yuriko, the Tiger's Shadow",N/A,by PWL,Invisible Stalker
2003,2,"Yuriko, the Tiger's Shadow",N/A,by PWL,Island
2003,2,"Yuriko, the Tiger's Shadow",N/A,by PWL,Maskwood Nexus
2003,2,"Yuriko, the Tiger's Shadow",N/A,by PWL,Merfolk Windrobber
2003,2,"Yuriko, the Tiger's Shadow",N/A,by PWL,Mind Stone
2003,2,"Yuriko, the Tiger's Shadow",N/A,by PWL,Mist-Cloaked Herald
2003,2,"Yuriko, the Tiger's Shadow",N/A,by PWL,Mist-Syndicate Naga
2003,2,"Yuriko, the Tiger's Shadow",N/A,by PWL,Mistblade Shinobi
2003,2,"Yuriko, the Tiger's Shadow",N/A,by PWL,Moon-Circuit Hacker
2003,2,"Yuriko, the Tiger's Shadow",N/A,by PWL,Moonblade Shinobi
2003,2,"Yuriko, the Tiger's Shadow",N/A,by PWL,Moonsnare Prototype
2003,2,"Yuriko, the Tiger's Shadow",N/A,by PWL,Mothdust Changeling
2003,2,"Yuriko, the Tiger's Shadow",N/A,by PWL,Murderous Rider
2003,2,"Yuriko, the Tiger's Shadow",N/A,by PWL,Myriad Landscape
2003,2,"Yuriko, the Tiger's Shadow",N/A,by PWL,Narset's Reversal
2003,2,"Yuriko, the Tiger's Shadow",N/A,by PWL,"Nashi, Moon Sage's Scion"
2003,2,"Yuriko, the Tiger's Shadow",N/A,by PWL,Network Disruptor
2003,2,"Yuriko, the Tiger's Shadow",N/A,by PWL,Notion Thief
2003,2,"Yuriko, the Tiger's Shadow",N/A,by PWL,Okiba-Gang Shinobi
2003,2,"Yuriko, the Tiger's Shadow",N/A,by PWL,Opal Palace
2003,2,"Yuriko, the Tiger's Shadow",N/A,by PWL,Part the Waterveil
2003,2,"Yuriko, the Tiger's Shadow",N/A,by PWL,Preordain
2003,2,"Yuriko, the Tiger's Shadow",N/A,by PWL,Price of Fame
2003,2,"Yuriko, the Tiger's Shadow",N/A,by PWL,Prosperous Thief
2003,2,"Yuriko, the Tiger's Shadow",N/A,by PWL,Reliquary Tower
2003,2,"Yuriko, the Tiger's Shadow",N/A,by PWL,Rogue's Passage
2003,2,"Yuriko, the Tiger's Shadow",N/A,by PWL,Satoru Umezawa
2003,2,"Yuriko, the Tiger's Shadow",N/A,by PWL,Scroll Rack
2003,2,"Yuriko, the Tiger's Shadow",N/A,by PWL,Sea Gate Restoration
2003,2,"Yuriko, the Tiger's Shadow",N/A,by PWL,Sensei's Divining Top
2003,2,"Yuriko, the Tiger's Shadow",N/A,by PWL,Shadow of Mortality
2003,2,"Yuriko, the Tiger's Shadow",N/A,by PWL,Shipwreck Marsh
2003,2,"Yuriko, the Tiger's Shadow",N/A,by PWL,Silent-Blade Oni
2003,2,"Yuriko, the Tiger's Shadow",N/A,by PWL,Silver-Fur Master
2003,2,"Yuriko, the Tiger's Shadow",N/A,by PWL,Siren Stormtamer
2003,2,"Yuriko, the Tiger's Shadow",N/A,by PWL,Skullsnatcher
2003,2,"Yuriko, the Tiger's Shadow",N/A,by PWL,Slither Blade
2003,2,"Yuriko, the Tiger's Shadow",N/A,by PWL,Sol Ring
2003,2,"Yuriko, the Tiger's Shadow",N/A,by PWL,Spectral Sailor
2003,2,"Yuriko, the Tiger's Shadow",N/A,by PWL,Swamp
2003,2,"Yuriko, the Tiger's Shadow",N/A,by PWL,Sword Coast Sailor
2003,2,"Yuriko, the Tiger's Shadow",N/A,by PWL,Temporal Mastery
2003,2,"Yuriko, the Tiger's Shadow",N/A,by PWL,"Tetsuko Umezawa, Fugitive"
2003,2,"Yuriko, the Tiger's Shadow",N/A,by PWL,Thieving Skydiver
2003,2,"Yuriko, the Tiger's Shadow",N/A,by PWL,Thought Vessel
2003,2,"Yuriko, the Tiger's Shadow",N/A,by PWL,Thousand-Faced Shadow
2003,2,"Yuriko, the Tiger's Shadow",N/A,by PWL,Throat Slitter
2003,2,"Yuriko, the Tiger's Shadow",N/A,by PWL,Tormented Soul
2003,2,"Yuriko, the Tiger's Shadow",N/A,by PWL,Treasure Cruise
2003,2,"Yuriko, the Tiger's Shadow",N/A,by PWL,Triton Shorestalker
2003,2,"Yuriko, the Tiger's Shadow",N/A,by PWL,"Varragoth, Bloodsky Sire"
2003,2,"Yuriko, the Tiger's Shadow",N/A,by PWL,Walker of Secret Ways
2003,3,"Queza, Augur of Agonies",N/A,by PWL,"Queza, Augur of Agonies"
2003,3,"Queza, Augur of Agonies",N/A,by PWL,Aetherblade Agent
2003,3,"Queza, Augur of Agonies",N/A,by PWL,Altar's Reap
2003,3,"Queza, Augur of Agonies",N/A,by PWL,Amass the Components
2003,3,"Queza, Augur of Agonies",N/A,by PWL,Ambition's Cost
2003,3,"Queza, Augur of Agonies",N/A,by PWL,Angelic Gift
2003,3,"Queza, Augur of Agonies",N/A,by PWL,Annihilate
2003,3,"Queza, Augur of Agonies",N/A,by PWL,Artificer's Epiphany
2003,3,"Queza, Augur of Agonies",N/A,by PWL,Astral Wingspan
2003,3,"Queza, Augur of Agonies",N/A,by PWL,Aven Fisher
2003,3,"Queza, Augur of Agonies",N/A,by PWL,Bag Check
2003,3,"Queza, Augur of Agonies",N/A,by PWL,Bane Alley Broker
2003,3,"Queza, Augur of Agonies",N/A,by PWL,Behold the Unspeakable
2003,3,"Queza, Augur of Agonies",N/A,by PWL,Blade Juggler
2003,3,"Queza, Augur of Agonies",N/A,by PWL,Bone to Ash
2003,3,"Queza, Augur of Agonies",N/A,by PWL,Catalog
2003,3,"Queza, Augur of Agonies",N/A,by PWL,Charcoal Diamond
2003,3,"Queza, Augur of Agonies",N/A,by PWL,Clear the Mind
2003,3,"Queza, Augur of Agonies",N/A,by PWL,Clockwork Fox
2003,3,"Queza, Augur of Agonies",N/A,by PWL,Cobbled Lancer
2003,3,"Queza, Augur of Agonies",N/A,by PWL,Commander's Sphere
2003,3,"Queza, Augur of Agonies",N/A,by PWL,Contact Other Plane
2003,3,"Queza, Augur of Agonies",N/A,by PWL,Contradict
2003,3,"Queza, Augur of Agonies",N/A,by PWL,Crypt Lurker
2003,3,"Queza, Augur of Agonies",N/A,by PWL,Cut a Deal
2003,3,"Queza, Augur of Agonies",N/A,by PWL,Cut of the Profits
2003,3,"Queza, Augur of Agonies",N/A,by PWL,Daring Saboteur
2003,3,"Queza, Augur of Agonies",N/A,by PWL,Distorted Curiosity
2003,3,"Queza, Augur of Agonies",N/A,by PWL,Epicure of Blood
2003,3,"Queza, Augur of Agonies",N/A,by PWL,Errand-Rider of Gondor
2003,3,"Queza, Augur of Agonies",N/A,by PWL,Evangel of Synthesis
2003,3,"Queza, Augur of Agonies",N/A,by PWL,Expedition Diviner
2003,3,"Queza, Augur of Agonies",N/A,by PWL,Facet Reader
2003,3,"Queza, Augur of Agonies",N/A,by PWL,Faithful Mending
2003,3,"Queza, Augur of Agonies",N/A,by PWL,Inspiring Overseer
2003,3,"Queza, Augur of Agonies",N/A,by PWL,Island
2003,3,"Queza, Augur of Agonies",N/A,by PWL,Keep Safe
2003,3,"Queza, Augur of Agonies",N/A,by PWL,Library Larcenist
2003,3,"Queza, Augur of Agonies",N/A,by PWL,Marauding Blight-Priest
2003,3,"Queza, Augur of Agonies",N/A,by PWL,Marble Diamond
2003,3,"Queza, Augur of Agonies",N/A,by PWL,Markov Purifier
2003,3,"Queza, Augur of Agonies",N/A,by PWL,Mulldrifter
2003,3,"Queza, Augur of Agonies",N/A,by PWL,Nadir Kraken
2003,3,"Queza, Augur of Agonies",N/A,by PWL,Obelisk of Esper
2003,3,"Queza, Augur of Agonies",N/A,by PWL,Obscura Charm
2003,3,"Queza, Augur of Agonies",N/A,by PWL,Obscura Interceptor
2003,3,"Queza, Augur of Agonies",N/A,by PWL,Opt
2003,3,"Queza, Augur of Agonies",N/A,by PWL,Plains
2003,3,"Queza, Augur of Agonies",N/A,by PWL,Prince Imrahil the Fair
2003,3,"Queza, Augur of Agonies",N/A,by PWL,Rain of Revelation
2003,3,"Queza, Augur of Agonies",N/A,by PWL,Raving Visionary
2003,3,"Queza, Augur of Agonies",N/A,by PWL,"Rona, Sheoldred's Faithful"
2003,3,"Queza, Augur of Agonies",N/A,by PWL,Secret Rendezvous
2003,3,"Queza, Augur of Agonies",N/A,by PWL,Sign in Blood
2003,3,"Queza, Augur of Agonies",N/A,by PWL,Sky Diamond
2003,3,"Queza, Augur of Agonies",N/A,by PWL,Soulknife Spy
2003,3,"Queza, Augur of Agonies",N/A,by PWL,Soulreaper of Mogis
2003,3,"Queza, Augur of Agonies",N/A,by PWL,Swamp
2003,3,"Queza, Augur of Agonies",N/A,by PWL,Syphon Mind
2003,3,"Queza, Augur of Agonies",N/A,by PWL,Take Flight
2003,3,"Queza, Augur of Agonies",N/A,by PWL,The Bath Song
2003,3,"Queza, Augur of Agonies",N/A,by PWL,The Council of Four
2003,3,"Queza, Augur of Agonies",N/A,by PWL,Thieving Magpie
2003,3,"Queza, Augur of Agonies",N/A,by PWL,Union of the Third Path
2003,3,"Queza, Augur of Agonies",N/A,by PWL,Utter End
2003,3,"Queza, Augur of Agonies",N/A,by PWL,"Vohar, Vodalian Desecrator"
2003,4,"Muldrotha, the Gravetide",N/A,by PWL,"Muldrotha, the Gravetide"
2003,4,"Muldrotha, the Gravetide",N/A,by PWL,Aetherize
2003,4,"Muldrotha, the Gravetide",N/A,by PWL,Altar of Dementia
2003,4,"Muldrotha, the Gravetide",N/A,by PWL,Arcane Signet
2003,4,"Muldrotha, the Gravetide",N/A,by PWL,Archaeomancer
2003,4,"Muldrotha, the Gravetide",N/A,by PWL,Aven Heartstabber
2003,4,"Muldrotha, the Gravetide",N/A,by PWL,Avenger of Zendikar
2003,4,"Muldrotha, the Gravetide",N/A,by PWL,"Azusa, Lost but Seeking"
2003,4,"Muldrotha, the Gravetide",N/A,by PWL,Bala Ged Recovery
2003,4,"Muldrotha, the Gravetide",N/A,by PWL,Baleful Strix
2003,4,"Muldrotha, the Gravetide",N/A,by PWL,Bojuka Bog
2003,4,"Muldrotha, the Gravetide",N/A,by PWL,"Boseiju, Who Endures"
2003,4,"Muldrotha, the Gravetide",N/A,by PWL,"Braids, Arisen Nightmare"
2003,4,"Muldrotha, the Gravetide",N/A,by PWL,Buried Alive
2003,4,"Muldrotha, the Gravetide",N/A,by PWL,Cankerbloom
2003,4,"Muldrotha, the Gravetide",N/A,by PWL,Command Beacon
2003,4,"Muldrotha, the Gravetide",N/A,by PWL,Command Tower
2003,4,"Muldrotha, the Gravetide",N/A,by PWL,Commander's Sphere
2003,4,"Muldrotha, the Gravetide",N/A,by PWL,Conduit of Worlds
2003,4,"Muldrotha, the Gravetide",N/A,by PWL,Counterspell
2003,4,"Muldrotha, the Gravetide",N/A,by PWL,Cyclonic Rift
2003,4,"Muldrotha, the Gravetide",N/A,by PWL,Delighted Halfling
2003,4,"Muldrotha, the Gravetide",N/A,by PWL,Displacer Kitten
2003,4,"Muldrotha, the Gravetide",N/A,by PWL,Drowned Catacomb
2003,4,"Muldrotha, the Gravetide",N/A,by PWL,Eternal Witness
2003,4,"Muldrotha, the Gravetide",N/A,by PWL,Evolving Wilds
2003,4,"Muldrotha, the Gravetide",N/A,by PWL,Exotic Orchard
2003,4,"Muldrotha, the Gravetide",N/A,by PWL,Exploration
2003,4,"Muldrotha, the Gravetide",N/A,by PWL,Fact or Fiction
2003,4,"Muldrotha, the Gravetide",N/A,by PWL,Forest
2003,4,"Muldrotha, the Gravetide",N/A,by PWL,God-Eternal Rhonas
2003,4,"Muldrotha, the Gravetide",N/A,by PWL,"Greensleeves, Maro-Sorcerer"
2003,4,"Muldrotha, the Gravetide",N/A,by PWL,Grisly Salvage
2003,4,"Muldrotha, the Gravetide",N/A,by PWL,Heroic Intervention
2003,4,"Muldrotha, the Gravetide",N/A,by PWL,Hinterland Harbor
2003,4,"Muldrotha, the Gravetide",N/A,by PWL,Island
2003,4,"Muldrotha, the Gravetide",N/A,by PWL,"Izoni, Thousand-Eyed"
2003,4,"Muldrotha, the Gravetide",N/A,by PWL,"Kagha, Shadow Archdruid"
2003,4,"Muldrotha, the Gravetide",N/A,by PWL,Kaya's Ghostform
2003,4,"Muldrotha, the Gravetide",N/A,by PWL,Kessig Cagebreakers
2003,4,"Muldrotha, the Gravetide",N/A,by PWL,Lightning Greaves
2003,4,"Muldrotha, the Gravetide",N/A,by PWL,Living Death
2003,4,"Muldrotha, the Gravetide",N/A,by PWL,Lotus Petal
2003,4,"Muldrotha, the Gravetide",N/A,by PWL,Mesmeric Orb
2003,4,"Muldrotha, the Gravetide",N/A,by PWL,Mire Triton
2003,4,"Muldrotha, the Gravetide",N/A,by PWL,Morphic Pool
2003,4,"Muldrotha, the Gravetide",N/A,by PWL,Mulldrifter
2003,4,"Muldrotha, the Gravetide",N/A,by PWL,Mystic Remora
2003,4,"Muldrotha, the Gravetide",N/A,by PWL,Nature's Lore
2003,4,"Muldrotha, the Gravetide",N/A,by PWL,Negate
2003,4,"Muldrotha, the Gravetide",N/A,by PWL,Nyx Weaver
2003,4,"Muldrotha, the Gravetide",N/A,by PWL,Opulent Palace
2003,4,"Muldrotha, the Gravetide",N/A,by PWL,Out of the Tombs
2003,4,"Muldrotha, the Gravetide",N/A,by PWL,Overgrown Tomb
2003,4,"Muldrotha, the Gravetide",N/A,by PWL,Perpetual Timepiece
2003,4,"Muldrotha, the Gravetide",N/A,by PWL,Ramunap Excavator
2003,4,"Muldrotha, the Gravetide",N/A,by PWL,Rejuvenating Springs
2003,4,"Muldrotha, the Gravetide",N/A,by PWL,River Kelpie
2003,4,"Muldrotha, the Gravetide",N/A,by PWL,Rootcoil Creeper
2003,4,"Muldrotha, the Gravetide",N/A,by PWL,Satyr Wayfinder
2003,4,"Muldrotha, the Gravetide",N/A,by PWL,Scute Swarm
2003,4,"Muldrotha, the Gravetide",N/A,by PWL,Seal of Primordium
2003,4,"Muldrotha, the Gravetide",N/A,by PWL,Secrets of the Dead
2003,4,"Muldrotha, the Gravetide",N/A,by PWL,Shriekmaw
2003,4,"Muldrotha, the Gravetide",N/A,by PWL,"Sidisi, Brood Tyrant"
2003,4,"Muldrotha, the Gravetide",N/A,by PWL,Siren Stormtamer
2003,4,"Muldrotha, the Gravetide",N/A,by PWL,Skull Prophet
2003,4,"Muldrotha, the Gravetide",N/A,by PWL,Sol Ring
2003,4,"Muldrotha, the Gravetide",N/A,by PWL,Splendid Reclamation
2003,4,"Muldrotha, the Gravetide",N/A,by PWL,Splinterfright
2003,4,"Muldrotha, the Gravetide",N/A,by PWL,Spore Frog
2003,4,"Muldrotha, the Gravetide",N/A,by PWL,Stitcher's Supplier
2003,4,"Muldrotha, the Gravetide",N/A,by PWL,Sunken Hollow
2003,4,"Muldrotha, the Gravetide",N/A,by PWL,Swamp
2003,4,"Muldrotha, the Gravetide",N/A,by PWL,"Takenuma, Abandoned Mire"
2003,4,"Muldrotha, the Gravetide",N/A,by PWL,Terramorphic Expanse
2003,4,"Muldrotha, the Gravetide",N/A,by PWL,The Gitrog Monster
2003,4,"Muldrotha, the Gravetide",N/A,by PWL,The Great Henge
2003,4,"Muldrotha, the Gravetide",N/A,by PWL,Three Visits
2003,4,"Muldrotha, the Gravetide",N/A,by PWL,"Tormod, the Desecrator"
2003,4,"Muldrotha, the Gravetide",N/A,by PWL,Undergrowth Stadium
2003,4,"Muldrotha, the Gravetide",N/A,by PWL,"Urborg, Tomb of Yawgmoth"
2003,4,"Muldrotha, the Gravetide",N/A,by PWL,"Uro, Titan of Nature's Wrath"
2003,4,"Muldrotha, the Gravetide",N/A,by PWL,Verdant Catacombs
2003,4,"Muldrotha, the Gravetide",N/A,by PWL,Wayfarer's Bauble
2003,4,"Muldrotha, the Gravetide",N/A,by PWL,Windfall
2003,4,"Muldrotha, the Gravetide",N/A,by PWL,Woodland Cemetery
2003,4,"Muldrotha, the Gravetide",N/A,by PWL,World Shaper
2003,4,"Muldrotha, the Gravetide",N/A,by PWL,"Yavimaya, Cradle of Growth"
2003,4,"Muldrotha, the Gravetide",N/A,by PWL,Zagoth Triome
2003,4,"Muldrotha, the Gravetide",N/A,by PWL,Quest for Ancient Secrets
2003,4,"Muldrotha, the Gravetide",N/A,by PWL,"Tamiyo, Collector of Tales"
2003,4,"Muldrotha, the Gravetide",N/A,by PWL,Tireless Provisioner